data_type,strategy,AUC_mean,AUC_ci_low,AUC_ci_high,Accuracy_mean,Accuracy_ci_low,Accuracy_ci_high,Recall_mean,Recall_ci_low,Recall_ci_high,Precision_mean,Precision_ci_low,Precision_ci_high,Brier_mean,Brier_ci_low,Brier_ci_high
synthetic,CCA,0.706,0.6514293467254088,0.7605706532745912,0.832,0.8036652377228084,0.8603347622771915,0.403,0.32114402008811327,0.4848559799118868,0.137,0.1107641090026004,0.1632358909973996,0.128,0.10701128720208032,0.1489887127979197
synthetic,MI,0.782,0.7442203169637446,0.8197796830362555,0.761,0.7127259605647848,0.8092740394352153,0.662,0.5476115152513378,0.7763884847486623,0.139,0.11066523772280844,0.16733476227719157,0.167,0.14496185156218433,0.1890381484378157
synthetic,IND,0.784,0.7556652377228085,0.8123347622771916,0.795,0.7078968418886333,0.8821031581113667,0.523,0.3729307034948743,0.6730692965051257,0.145,0.11456636644301645,0.17543363355698355,0.146,0.10087426748447267,0.1911257325155273
